-- MySQL dump 10.13  Distrib 8.0.38, for macos14 (x86_64)
--
-- Host: localhost    Database: chat-app
-- ------------------------------------------------------
-- Server version	8.0.39

/*!40101 SET @OLD_CHARACTER_SET_CLIENT=@@CHARACTER_SET_CLIENT */;
/*!40101 SET @OLD_CHARACTER_SET_RESULTS=@@CHARACTER_SET_RESULTS */;
/*!40101 SET @OLD_COLLATION_CONNECTION=@@COLLATION_CONNECTION */;
/*!50503 SET NAMES utf8 */;
/*!40103 SET @OLD_TIME_ZONE=@@TIME_ZONE */;
/*!40103 SET TIME_ZONE='+00:00' */;
/*!40014 SET @OLD_UNIQUE_CHECKS=@@UNIQUE_CHECKS, UNIQUE_CHECKS=0 */;
/*!40014 SET @OLD_FOREIGN_KEY_CHECKS=@@FOREIGN_KEY_CHECKS, FOREIGN_KEY_CHECKS=0 */;
/*!40101 SET @OLD_SQL_MODE=@@SQL_MODE, SQL_MODE='NO_AUTO_VALUE_ON_ZERO' */;
/*!40111 SET @OLD_SQL_NOTES=@@SQL_NOTES, SQL_NOTES=0 */;

--
-- Table structure for table `conversations`
--

DROP TABLE IF EXISTS `conversations`;
/*!40101 SET @saved_cs_client     = @@character_set_client */;
/*!50503 SET character_set_client = utf8mb4 */;
CREATE TABLE `conversations` (
  `id` int NOT NULL AUTO_INCREMENT,
  `created_at` datetime(6) NOT NULL,
  `updated_at` datetime(6) DEFAULT NULL,
  `user1_id` int NOT NULL,
  `user2_id` int NOT NULL,
  PRIMARY KEY (`id`)
) ENGINE=InnoDB AUTO_INCREMENT=15 DEFAULT CHARSET=utf8mb4 COLLATE=utf8mb4_0900_ai_ci;
/*!40101 SET character_set_client = @saved_cs_client */;

--
-- Dumping data for table `conversations`
--

LOCK TABLES `conversations` WRITE;
/*!40000 ALTER TABLE `conversations` DISABLE KEYS */;
INSERT INTO `conversations` VALUES (1,'2025-01-06 21:08:42.874000','2025-01-06 21:08:42.874000',17,3),(2,'2025-01-06 21:09:28.102000','2025-01-06 21:09:28.102000',17,1),(3,'2025-01-06 21:10:25.069000','2025-01-06 21:10:25.069000',16,4),(4,'2025-01-06 21:10:34.492000','2025-01-06 21:10:34.492000',16,3),(5,'2025-01-06 21:18:00.643000','2025-01-06 21:18:00.643000',16,2),(6,'2025-01-06 21:20:32.787000','2025-01-06 21:20:32.787000',17,2),(7,'2025-01-06 21:28:31.561000','2025-01-06 21:28:31.561000',16,5),(8,'2025-01-06 21:29:00.709000','2025-01-06 21:29:00.709000',16,17),(9,'2025-01-06 21:41:38.555000','2025-01-06 21:41:38.555000',7,17),(10,'2025-01-06 21:41:42.093000','2025-01-06 21:41:42.093000',7,16),(11,'2025-01-07 09:51:06.450000','2025-01-07 09:51:06.450000',16,15),(12,'2025-01-07 09:57:32.954000','2025-01-07 09:57:32.954000',16,6),(13,'2025-01-07 10:01:20.811000','2025-01-07 10:01:20.811000',7,3),(14,'2025-01-07 10:07:09.966000','2025-01-07 10:07:09.966000',16,14);
/*!40000 ALTER TABLE `conversations` ENABLE KEYS */;
UNLOCK TABLES;

--
-- Table structure for table `messages`
--

DROP TABLE IF EXISTS `messages`;
/*!40101 SET @saved_cs_client     = @@character_set_client */;
/*!50503 SET character_set_client = utf8mb4 */;
CREATE TABLE `messages` (
  `id` int NOT NULL AUTO_INCREMENT,
  `content` text NOT NULL,
  `created_at` datetime(6) NOT NULL,
  `receiver_id` int NOT NULL,
  `sender_id` int NOT NULL,
  `updated_at` datetime(6) DEFAULT NULL,
  `conversation_id` int NOT NULL,
  PRIMARY KEY (`id`),
  KEY `FKt492th6wsovh1nush5yl5jj8e` (`conversation_id`),
  CONSTRAINT `FKt492th6wsovh1nush5yl5jj8e` FOREIGN KEY (`conversation_id`) REFERENCES `conversations` (`id`)
) ENGINE=InnoDB AUTO_INCREMENT=37 DEFAULT CHARSET=utf8mb4 COLLATE=utf8mb4_0900_ai_ci;
/*!40101 SET character_set_client = @saved_cs_client */;

--
-- Dumping data for table `messages`
--

LOCK TABLES `messages` WRITE;
/*!40000 ALTER TABLE `messages` DISABLE KEYS */;
INSERT INTO `messages` VALUES (1,'How are you','2025-01-06 21:08:42.900000',3,17,'2025-01-06 21:08:42.900000',1),(2,'What\'sup?','2025-01-06 21:09:28.110000',1,17,'2025-01-06 21:09:28.110000',2),(3,'Hello there!','2025-01-06 21:10:25.077000',4,16,'2025-01-06 21:10:25.077000',3),(4,'Hi there!','2025-01-06 21:10:34.502000',3,16,'2025-01-06 21:10:34.502000',4),(5,'Hi how have youve been','2025-01-06 21:18:00.675000',2,16,'2025-01-06 21:18:00.675000',5),(6,'whatsup','2025-01-06 21:20:32.814000',2,17,'2025-01-06 21:20:32.814000',6),(7,'what happened?','2025-01-06 21:24:42.369000',3,17,'2025-01-06 21:24:42.369000',1),(8,'Hi!','2025-01-06 21:28:18.429000',4,16,'2025-01-06 21:28:18.429000',3),(9,'Hi Esther','2025-01-06 21:28:31.573000',5,16,'2025-01-06 21:28:31.573000',7),(10,'Estheer','2025-01-06 21:28:45.101000',5,16,'2025-01-06 21:28:45.101000',7),(11,'Hi anna','2025-01-06 21:29:00.716000',17,16,'2025-01-06 21:29:00.716000',8),(12,'Hi Anna','2025-01-06 21:41:38.573000',17,7,'2025-01-06 21:41:38.573000',9),(13,'Hi R','2025-01-06 21:41:42.096000',16,7,'2025-01-06 21:41:42.096000',10),(14,'Hi Wolf how are u?','2025-01-07 09:33:29.933443',4,16,'2025-01-07 09:33:29.933496',3),(15,'Hello','2025-01-07 09:34:46.659042',4,16,'2025-01-07 09:34:46.659135',3),(16,'Hi','2025-01-07 09:34:47.578548',4,16,'2025-01-07 09:34:47.578576',3),(17,'Hows everything going','2025-01-07 09:34:52.129207',4,16,'2025-01-07 09:34:52.129227',3),(18,'abc','2025-01-07 09:34:54.243356',4,16,'2025-01-07 09:34:54.243478',3),(19,'hi','2025-01-07 09:34:55.290943',4,16,'2025-01-07 09:34:55.290972',3),(20,'check','2025-01-07 09:34:56.306799',4,16,'2025-01-07 09:34:56.306819',3),(21,'How are you wendy?','2025-01-07 09:40:56.109476',2,16,'2025-01-07 09:40:56.109565',5),(22,'Hi!','2025-01-07 09:44:09.935253',3,17,'2025-01-07 09:44:09.935315',1),(23,'Hi R!','2025-01-07 09:45:46.324958',16,17,'2025-01-07 09:45:46.325037',8),(24,'Hi!','2025-01-07 09:49:53.778816',3,17,'2025-01-07 09:49:53.778900',1),(25,'Hi Nini!','2025-01-07 09:51:06.497794',15,16,'2025-01-07 09:51:06.497955',11),(26,'Hi Wendy is everything alr?','2025-01-07 09:55:00.661825',2,17,'2025-01-07 09:55:00.661886',6),(27,'hi Eve','2025-01-07 09:57:32.961321',6,16,'2025-01-07 09:57:32.961433',12),(28,'aaaa','2025-01-07 09:59:10.133879',5,16,'2025-01-07 09:59:10.133995',7),(29,'Hi will','2025-01-07 10:01:20.825782',3,7,'2025-01-07 10:01:20.825915',13),(30,'hi uhh','2025-01-07 10:02:00.218426',2,17,'2025-01-07 10:02:00.218473',6),(31,'123','2025-01-07 10:05:03.795817',2,16,'2025-01-07 10:05:03.796716',5),(32,'hi','2025-01-07 10:06:30.664743',2,17,'2025-01-07 10:06:30.664777',6),(33,'Hi rora','2025-01-07 10:07:09.993579',14,16,'2025-01-07 10:07:09.993629',14),(34,'aaa','2025-01-07 10:07:56.845447',6,16,'2025-01-07 10:07:56.845653',12),(35,'aaa','2025-01-07 10:17:38.566059',6,16,'2025-01-07 10:17:38.566109',12),(36,'Esther!','2025-01-07 10:37:54.370301',5,16,'2025-01-07 10:37:54.370346',7);
/*!40000 ALTER TABLE `messages` ENABLE KEYS */;
UNLOCK TABLES;

--
-- Table structure for table `user`
--

DROP TABLE IF EXISTS `user`;
/*!40101 SET @saved_cs_client     = @@character_set_client */;
/*!50503 SET character_set_client = utf8mb4 */;
CREATE TABLE `user` (
  `id` int NOT NULL AUTO_INCREMENT,
  `created_at` datetime(6) NOT NULL,
  `password` varchar(255) NOT NULL,
  `profile_pic_url` varchar(255) DEFAULT NULL,
  `updated_at` datetime(6) NOT NULL,
  `username` varchar(255) NOT NULL,
  PRIMARY KEY (`id`),
  UNIQUE KEY `UKsb8bbouer5wak8vyiiy4pf2bx` (`username`)
) ENGINE=InnoDB AUTO_INCREMENT=18 DEFAULT CHARSET=utf8mb4 COLLATE=utf8mb4_0900_ai_ci;
/*!40101 SET character_set_client = @saved_cs_client */;

--
-- Dumping data for table `user`
--

LOCK TABLES `user` WRITE;
/*!40000 ALTER TABLE `user` DISABLE KEYS */;
INSERT INTO `user` VALUES (1,'2024-12-29 13:01:26.529254','$2a$12$K0KGQIDPAJJRjovaPQdIcerTj/lILDwzYdeR1PhXvZRqsLzc8ZWHK',NULL,'2024-12-29 13:01:26.529264','Fern'),(2,'2024-12-29 13:09:36.874160','$2a$12$.7Ce4KhFgevYPDHfOmTedOAy8NPOUrXcgWzSpI3E61I1ZqerWvCY.',NULL,'2024-12-29 13:09:36.874172','Wendy'),(3,'2024-12-29 13:26:58.028674','$2a$12$4SVP/Vz9VagUyXzq6kAlCeB3lltCMkaBqifbrX26FYclFbjPXFXVq',NULL,'2024-12-29 13:26:58.028686','will'),(4,'2024-12-29 14:10:31.364201','$2a$12$PE1kOtdGSR20Ky181/pvJeQGNe8uwTYkLADPWiyefHhRj6.mHPGLW',NULL,'2024-12-29 14:10:31.364262','wolf'),(5,'2024-12-29 14:31:50.451485','$2a$12$a.EqnpW/WSU9qoSa37E0sO/SiP0Bvd5YcDcf.wroBYPud6hw/uwci',NULL,'2024-12-29 14:31:50.451496','esther'),(6,'2024-12-29 14:35:32.322107','$2a$12$wddWKr862TtZ3TBo8jYlhuSIoVjpoa.wBH7B0AWrpuAlkZTFYdnay',NULL,'2024-12-29 14:35:32.322118','eve'),(7,'2024-12-29 14:38:28.908019','$2a$12$Yb9OulzIFpyQroig.52iVuRBptI58S8A7hf8ZGsvv0duysRSBD7VO',NULL,'2024-12-29 14:38:28.908030','blue'),(8,'2024-12-30 00:30:24.069167','$2a$12$BHR3JC9Fbg9Jt8X2i8qLlu3rgcSJKpEuBTvqXkbyIGKQ4JqOmUle2',NULL,'2024-12-30 00:30:24.069180','rory'),(9,'2024-12-30 07:48:33.672952','$2a$12$ZyrcBKlIQ/4XYdGsoq2bCe4xE55W1zMPI0/JIwrgg/oQvtC5uAJZi',NULL,'2024-12-30 07:48:33.673100','boby'),(10,'2024-12-30 08:07:07.353676','$2a$12$owPhhtmCzy9UNTmi6Cn4iu2wReMDW/FCH8z.WA3yTnPQK/SytSnPu',NULL,'2024-12-30 08:07:07.353689','nana'),(11,'2024-12-30 08:12:41.114920','$2a$12$jhU7Z3CNk8eXu65432nQn.y1O.3jPaMHqF9v6GQ3BZ.njBRnAy.Gq',NULL,'2024-12-30 08:12:41.114936','yoyo'),(12,'2024-12-30 08:16:06.531657','$2a$12$j6qOhfh7JjjZQ/LUUUtGyuPV/QBpCeqdiiOI2aOc2M.4SyPA1z9cq',NULL,'2024-12-30 08:16:06.531672','yaya'),(13,'2024-12-30 08:18:40.399922','$2a$12$7jBXA5zfdQRdz3x08rzzXO6NE.h1YC.JZjl0HnA4IozzfiKquNAWu',NULL,'2024-12-30 08:18:40.399934','mama'),(14,'2024-12-30 08:20:46.464936','$2a$12$ODBgeDlUinpaVBBsMPfWguxOhSG.KDZY8qDrqQcOFddaOEpYz6gwu',NULL,'2024-12-30 08:20:46.464946','rora'),(15,'2024-12-30 08:22:54.423078','$2a$12$ptnTcp0TinV49WdsLOTyZOpGlCGgh/D/ovc1B05/FqNA7oNZF9pCu',NULL,'2024-12-30 08:22:54.423091','nini'),(16,'2024-12-30 11:10:57.625745','$2a$12$eTj0F9cqbbb2VedX8fL4QumNzcx3IGSDCQr1ilI5iVbfGJ0/Dqckm',NULL,'2024-12-30 11:10:57.625756','r'),(17,'2025-01-05 23:27:16.597019','$2a$12$NnitfjAHEK8ps7fITAc9xO7wNbWWEM7Lu1e6NnoriECuhiy13lxxm',NULL,'2025-01-05 23:27:16.597033','anna');
/*!40000 ALTER TABLE `user` ENABLE KEYS */;
UNLOCK TABLES;
/*!40103 SET TIME_ZONE=@OLD_TIME_ZONE */;

/*!40101 SET SQL_MODE=@OLD_SQL_MODE */;
/*!40014 SET FOREIGN_KEY_CHECKS=@OLD_FOREIGN_KEY_CHECKS */;
/*!40014 SET UNIQUE_CHECKS=@OLD_UNIQUE_CHECKS */;
/*!40101 SET CHARACTER_SET_CLIENT=@OLD_CHARACTER_SET_CLIENT */;
/*!40101 SET CHARACTER_SET_RESULTS=@OLD_CHARACTER_SET_RESULTS */;
/*!40101 SET COLLATION_CONNECTION=@OLD_COLLATION_CONNECTION */;
/*!40111 SET SQL_NOTES=@OLD_SQL_NOTES */;

-- Dump completed on 2025-01-07  2:56:31
